Brand,Title,Price/Value
JOSEBRU,Zelda Neon Sign Gamer Gift Iconic Neon Light for Gaming Zelda Gifts Sword Z LED Sign Master Sword Gaming Room Accessory for Teen Room Decor,32.69
YuanDian,"YuanDian Can't Hear You I'm Gaming Night Light, Headset Graphic Video Games Gamer Gift Funny 3D Illusion Lamp 16 Colors Changing Touch & Remote Control for Men Gamers Teenagers and Kids",19.98
Jay Franco,Xbox Throw Blanket with Game Controller Gift Box - Plush Throw Measures 46 x 60 Inches - Kids Super Soft Special Edition Fleece Gamer Bedding,27.99
Xbox,Xbox Mug Game Console Logo Handle 16oz Cup Gaming Merchandise One Size,25
Xbox,XBOX Mug And Socks One Size Gaming Controller 11oz Cup Game Gifts,16.04
Ukonic,Xbox Logo Area Rug | 39 x 39 Inches,46.99
X Rocker,"X Rocker XL Floor Gaming Chair, Use with All Major Gaming Consoles, Mobile, TV, PC, Smart Devices, with Subwoofer, Headrest Mounted Speakers, Foldable",239.99
LHKSER,"Video Game Wall Decal Wall Sticker Poster Floss Dancing Decal Game Room Decor Peel & Stick Game Decal Baby Bedroom Home Decor Gaming Stickers (34.6"" x 23.6"") (Black)",11.99
KeycapBro,"Valorant Custom Keycaps (Agent Breach) - Laser Engraved with Each Valorant Agent's Portrait, Skills, and Position. Fit with Any Mechanical Keyboard. Valorant Gift for Gamers, Adults, and Teens.",29.99
TUBBZ,TUBBZ Street Fighter E Honda Collectible Duck Vinyl Figure – Official Street Fighter Merchandise – PC & Gaming,28.98
FRTEC,"TANOOKI Gaming Headset Headphones with Cat Ears Detachable Cable and RGB LED Light for PS5, PS4, Xbox Series, X|S, Xbox One, Nintendo Switch, PC, Mac",49.24
Poster Foundry,Super Street Fighter 2 Player Select Character Collage Retro 90s Aesthetic Arcade Capcom Video Game Gaming Gamer Merchandise Collectible Merch Ceramic Coffee Mug Tea Cup Fun Novelty Gift 12 oz,15.98
Paladone,Super Mario Warp Pipe Travel Mug - 15oz Stainless Steel - Officially Licensed Nintendo Merchandise,23.64
Drtupe,"Super Mario Warp Pipe Mug Ceramic Coffee Mug Gift for Gamers, Fathers, Coffee Enthusiasts, for Cappuccino, Latte or Hot Tea, 15 Oz, Green",23.99
Super Mario,"SUPER MARIO Mug in Presentation Gift Box (Mario, Luigi, Peach & Toad Design) 11oz Ceramic Coloured Inner Coffee Mug and Gaming Mugs - Official Nintendo Merchandise",13.94
NESIMY,Super Bros Toys Illusion Night Light for Kids with Game Sound Effects NightLight Decor Merchandise As Gifts for Kids and Fans (03-MLA),20.98
Poster Foundry,Street Fighter You Lose Classic Arcade Video Game Gaming Gamer Merchandise Collectibles Merch Accessories Ceramic Coffee Mug Tea Cup Fun Novelty Gift 12 oz,15.98
Poster Foundry,Street Fighter Ryu Art CAPCOM Video Game Merchandise Gamer Classic Fighting Cool Wall Decor Art Print Poster 24x36,14.98
Poster Foundry,Street Fighter Challengers Group CAPCOM Video Game Merchandise Gamer Classic Fighting Cool Wall Decor Art Print Poster 24x36,14.98
Poster Foundry,Street Fighter Akuma Flames Video Game Merchandise Video Gamer Gaming Capcom Classic Fighting Cool Psychedelic Trippy Hippie Decor UV Light Reactive Black Light Eco Blacklight Poster For Room 12x18,12.98
Poster Foundry,Street Fighter Akuma Flames Video Game Merchandise Video Gamer Gaming Capcom Classic Fighting Cool Psychedelic Trippy Hippie Decor UV Light Reactive Black Light Eco Blacklight Laminated Poster 12x18,14.98
Poster Foundry,Street Fighter Akuma Dojo Master of the Fist Classic Retro 90s Arcade Video Game Gaming Gamer Merchandise Collectibles Merch Accessories Ceramic Coffee Mug Tea Cup Fun Novelty Gift 12 oz,15.98
Poster Foundry,Street Fighter 2 Zangief The True Russian Threat Classic Retro 90s Arcade Video Game Gaming Gamer Merchandise Collectibles Merch Accessories Ceramic Coffee Mug Tea Cup Fun Novelty Gift 12 oz,15.98
Poster Foundry,Street Fighter 2 Ryu Hadoken Retro Vintage Art CAPCOM Video Game Merchandise Gamer Classic Fighting Cool Wall Decor Art Print Poster 24x36,14.98
Poster Foundry,Street Fighter 2 Ken Masters Great True Fighter USA Art Retro 90s Arcade Capcom Video Game Gaming Gamer Merchandise Collectibles Merch Accessories Ceramic Coffee Mug Tea Cup Fun Novelty Gift 12 oz,15.98
Poster Foundry,Street Fighter 2 Guile Great Hair Is Patriotic Classic Retro 90s Arcade Video Game Gaming Gamer Merchandise Collectibles Merch Accessories Ceramic Coffee Mug Tea Cup Fun Novelty Gift 12 oz,15.98
Poster Foundry,Street Fighter 2 Chun Li Strongest Woman In the World Classic Retro 90s Arcade Video Game Gaming Gamer Merchandise Collectibles Merch Accessories Ceramic Coffee Mug Tea Cup Fun Novelty Gift 12 oz,15.98
Poster Foundry,Street Fighter 2 Blanka The Raging Beast Portuguese Art Retro 90s Arcade Capcom Video Game Gaming Gamer Merchandise Collectibles Merch Accessories Ceramic Coffee Mug Tea Cup Fun Novelty Gift 12 oz,15.98
Poster Foundry,Street Fighter 2 Balrog Heavyweight Champion Classic Retro 90s Arcade Video Game Gaming Gamer Merchandise Collectibles Merch Accessories Ceramic Coffee Mug Tea Cup Fun Novelty Gift 12 oz,15.98
SteelSeries,SteelSeries QcK Diablo III Gaming Mouse Pad - Monk Edition,13.89
JIARODEY,"Star Neon Sign, Gaming Neon Sign for Mario Game Room Decor, Man Cave, Kids Room,Super Star Gaming Wall Decor Gamer Gifts for Boys, Kids",29.99
Sodilly,Sodilly I'm Gaming Do Not Disturb Insulated Stainless Steel Tumbler - Laser Engraved Superior Technology - Great For Hot & Cold Beverages - Double Wall Vacuum - No Risk Purchase - Gifts For Gamers,16.99
ACTIVISION,Skylanders Giants Slam Bam (W1.0) Single Charakter - Merchandise,27.99
Skinit,Skinit Decal Gaming Skin for PS4 Controller - Officially Licensed Warner Bros Harley Quinn Mad Love Design,15.99
Skinit,Skinit Decal Gaming Skin for PS4 Controller - Officially Licensed NBA Phoenix Suns Digi Camo Design,15.99
Skinit,Skinit Decal Gaming Skin for PS4 Controller - Officially Licensed NBA Phoenix Suns Dark Rust Design,15.99
Skinit,Skinit Decal Gaming Skin for PS4 Controller - Officially Licensed College Alabama Crimson Roll Tide Design,15.99
Skinit,Skinit Decal Gaming Skin Compatible with Xbox One X Controller - Officially Licensed Warner Bros The Classic Joker Design,15.99
Skinit,Skinit Decal Gaming Skin Compatible with PS5 Console and Controller - Officially Licensed NFL New Orleans Saints Gold Blast Design,39.99
Skinit,Skinit Decal Gaming Skin Compatible with PS5 Console - Officially Licensed NBA New Orleans Pelicans Jersey Design,24.99
Skinit,Skinit Decal Gaming Skin Compatible with PS4 Controller - Officially Licensed NFL San Francisco 49ers Retro Logo Design,15.99
Skinit,Skinit Decal Gaming Skin Compatible with PS4 Controller - Officially Licensed NFL Cincinnati Bengals Tropical Print Design,15.99
Fizz Creations,Sega Mega Drive Console Logo Light. Retro Gaming Mood Light. Iconic Sega Console Logo Shaped Light. USB or Battery Powered. Officially Licensed Sega Merchandise.,32.15
X-FLOAT,Rotating Headphone Display Stand for Desk with LED Lights - Spinning Gaming Headset Stand (Black),19.99
Razer,Razer Tartarus V2 Gaming Keypad: Mecha-Membrane Key Switches - One Handed Keyboard - 32 Programmable Keys - Customizable Chroma RGB Lighting - Programmable Macros - Classic Black,77
Generic,"Razer Orochi V2 Gaming Mouse, Official Collaboration Merchandise, Wireless Mouse, Up to 950 Hours of Battery Life, 18,000 DPI, 2.4 GHz",98.99
Poster Foundry,Rainbow Six Siege Merchandise Valkyrie Character Video Game Video Gaming Gamer R6 Siege Tom Clancy Rainbow Six Seige Wall Art Cool Wall Decor Art Print Poster 12x18,11.99
Poster Foundry,Rainbow Six Siege Merchandise Road Characters Video Game Video Gaming Gamer R6 Siege Tom Clancy Rainbow Six Seige Wall Art Cool Wall Decor Art Print Poster 12x18,11.99
Poster Foundry,Rainbow Six Siege Merchandise Lesion Character Video Game Video Gaming Gamer R6 Siege Tom Clancy Rainbow Six Seige Wall Art Cool Wall Decor Art Print Poster 24x36,14.98
Poster Foundry,Rainbow Six Siege Merchandise IQ Character Video Game Video Gaming Gamer R6 Siege Tom Clancy Rainbow Six Seige Wall Art Cool Wall Decor Art Print Poster 12x18,11.99
Poster Foundry,Rainbow Six Siege Merchandise Battle Pass Main Key Art Video Game Cover Video Gaming Gamer R6 Siege Tom Clancy Rainbow Six Seige Wall Art Cool Wall Decor Art Print Poster 24x36,14.98
Poster Foundry,Rainbow Six Siege Merchandise Battle Pass Main Key Art Video Game Cover Video Gaming Gamer R6 Siege Tom Clancy Rainbow Six Seige Wall Art Black Wood Framed Art Poster 14x20,39.98
Poster Foundry,Rainbow Six Siege Merchandise Ash Jager Duo Character Video Game Video Gaming Gamer R6 Siege Tom Clancy Rainbow Six Seige Wall Art White Wood Framed Art Poster 14x20,39.98
Poster Foundry,Rainbow Six Siege Merchandise Ash Jager Duo Character Video Game Video Gaming Gamer R6 Siege Tom Clancy Rainbow Six Seige Wall Art Cool Wall Decor Art Print Poster 24x36,14.98
Poster Foundry,Rainbow Six Siege Alternate Logo Tom Clancy Rainbow 6 Siege R6 Siege Video Game Gaming Gamer Merchandise Cosplay Collectibles Merch Accessories Ceramic Coffee Mug Tea Cup Fun Novelty Gift 12 oz,15.98
Simimi art,"Printed Neon Gaming Posters Set of 4 (8”X 10”), Boys Room Decorations for Bedroom,Video Game Wall Art,Gamer, Teen boy bedroom, game room, No Frames",4.27
Poster Foundry,Poster Foundry Street Fighter Birdie Classic Retro 90s Arcade Video Game Gaming Gamer Merchandise Collectibles Merch Accessories Ceramic Coffee Mug Tea Cup Fun Novelty Gift 12 oz,15.98
Poster Foundry,Poster Foundry Street Fighter 2 Sagat vs M Bison Classic Retro 90s Arcade Video Game Gaming Gamer Merchandise Collectibles Merch Accessories Ceramic Coffee Mug Tea Cup Fun Novelty Gift 12 oz,15.98
Poster Foundry,Poster Foundry Street Fighter 2 Sagat Muay Thai Thailand Classic Retro 90s Arcade Video Game Gaming Gamer Merchandise Collectibles Merch Accessories Ceramic Coffee Mug Tea Cup Fun Novelty Gift 12 oz,15.98
Poster Foundry,Poster Foundry Street Fighter 2 Ryu Hadouken Classic Retro 90s Arcade Video Game Gaming Gamer Merchandise Collectibles Merch Accessories Ceramic Coffee Mug Tea Cup Fun Novelty Gift 12 oz,15.98
Poster Foundry,Poster Foundry Rainbow Six Siege Merchandise IQ Character Video Game Video Gaming Gamer R6 Siege Tom Clancy Rainbow Six Seige Wall Art Stretched Canvas Art Wall Decor 16x24,59.98
Poster Foundry,Poster Foundry Rainbow Six Siege Merchandise Ash Jager Duo Character Video Game Video Gaming Gamer R6 Siege Tom Clancy Rainbow Six Seige Wall Art Stand or Hang Wood Frame Display 9x13,29.98
Poster Foundry,Poster Foundry Far Cry 6 Chorizo Dog Amigos Video Game Gaming Gamer Far Cry Merchandise Collectibles Collectors Edition Far Cry Merch Accessories Ceramic Coffee Mug Tea Cup Fun Novelty Gift 12 oz,15.98
PlayStation,PlayStation Mug And Socks One Size Gaming Remote 11oz Cup Game Merchandise,16.04
Controller Gear,"PlayStation Launch Collection ""Crossbody"" Shoulder Bag - Authentic and Official PlayStation Merchandise - Not Machine Specific",24.99
Paladone,PlayStation Controller Mug - Coffee Mug 10oz - Officially Licensed Merchandise,19.98
PlayStation,"Playstation Classic Unisex Beer Mug Multicoloured Ceramic Fan Merchandise, Gaming, Retro Gaming",16.95
Sakami Merchandise,Plants Against Zombies Soft Toy Pisto-Polka Dot 23 cm,32.24
Paladone,"Paladone, 500ml, Minecraft Metal Water Bottle | Officially Licensed Gaming Merchandise",16.2
Paladone,Paladone Yoshi Egg Light 8 in x 7 in | Super Mario Gifts and Room Décor |Officially Licensed Nintendo Merchandise,29.99
Paladone,"Paladone Xbox Light Up Headphone Stand, Gamer Headset Stand, Gaming Desk Accessories, Official Xbox Merchandise",20.99
Paladone,"Paladone Xbox Light Up Gaming Room Sign, Customizable with Stickers, LED Hanging Decor for Wall or Door, Licensed Gift for Xbox Gamers",19.99
Paladone,"Paladone Xbox Icons Light, Dynamic and Standard Lighting Modes, Licensed Xbox Gaming Desk Accessory & Game Room Decor, Xbox Gift for Men",29.99
Paladone,"Paladone Xbox Controller Digital Alarm Clock, Officially Licensed Xbox Merchandise Gift and Decor for Gamers - Black",27.99
Paladone,"Paladone Xbox Color Change Plastic Water Bottle with Straw, 650 ml, Officially Licensed Merchandise",11.99
Paladone,Paladone Super Mario Bros. Officially Licensed Merchandise - Retro Level Gadget Decals,14.95
Paladone,"Paladone Super Mario Bros Mushroom Light with Sound, Nintendo Collectible Figure Lamp Gift for Fans, Themed Decor for Bedrooms or Gaming Rooms",29.99
Paladone,"Paladone Playstation Heritage Icons Light, Desktop Game Room Lighting Accessories, 3 Dynamic Light Modes, Powered by USB or Batteries",29.99
Paladone,"Paladone Playstation Controller Icons Light with 3 Light Modes - Sound Reactive, Dynamic Phasing, and Standard Mode - Gaming Desk Accessories and Game Room Decor",26.99
Paladone,Paladone Playstation Controller Digital Alarm Clock - Officially Licensed Playstation Gamer Gifts and Room Decor,30.99
Paladone,"Paladone Playstation Alarm Clock and Logo Light, Playstation Merchandise and Game Room Decor",56.98
Paladone,"Paladone Minecraft Water Bottle with Bonus Decals, 21 fl oz, Officially Licensed Merchandise",14.99
Paladone,"Paladone Guardians of The Galaxy Vinyl Decals, 25 Waterproof and Removable Stickers for Phone Case, Laptop, Tablet, or Tech, Officially Licensed Marvel Merchandise for GOTG Fans",9.99
Paladone,"Paladone Gameboy Heat Changing Coffee Mug - Gift for Gamers, Nerds, Nintendo Mario Fans, Men, and Retro 90s Game Enthusiasts - 10 Ounces",17.99
Fizz Creations,Pac-Man Keyring Arcade Game - Classic Retro PAC-Man Gameplay. Includes Original Sounds & Black & White Screen. Officially Licensed PAC-Man Merchandise from Fizz Creations.,19.99
Paladone,"Pac Man and Ghosts Light, Pac Man Collectable Figure Lamp",35
Numskull,Official Borderlands 3 Merchandise - Lillith Duck Character Figurine,68.11
Numskull,"Numskull Teenage Mutant Ninja Turtles Gaming Locker, Controller Holder, Headset Stand for PS5, Xbox Series X S, Nintendo Switch - Official Merchandise",44.99
Numskull,"Numskull Star Trek Blue Gaming Locker, Controller Holder, Headset Stand for PS5, Xbox Series X S, Nintendo Switch - Official Star Trek Merchandise",39.95
Numskull,"Numskull Official Hogwarts Legacy Gaming Locker Controller Holder & Headset Stand for PS5, Xbox Series X|S and Nintendo Switch",50
Numskull,"Numskull Official Destiny Gaming Locker, Controller Holder, Headset Stand for PS5, Xbox Series X S, Nintendo Switch - Official Destiny Merchandise",39.99
Numskull,"Numskull Dungeons & Dragons Gaming Locker, Controller Holder, Headset Stand for PS5, Xbox Series X S, Nintendo Switch - Official Dungeons and Dragons Merchandise",59
Numskull,"Numskull Back to The Future 3D Lamp Wall Light - Ambient Lighting Gaming Accessory for Bedroom, Home, Study, Office, Work - Official Back to The Future Merchandise",25.56
Pyramid International,"Nintendo Metroid Notebook in Presentation Gift Box, A5 240 Lined Pages - Official Merchandise",21.6
Heliwey,Neon Sign Sword & Shield Master Cool Game Room Decor Gaming Light Sword LED Signs Gamer Gifts for Teen Boys (1. Sword Shield),59.99
JOSEBRU,Neon Sign King Boo The Ghost Face LED Neon Light Mario Lamp Acrylic Sign for Game Room Decor Gaming Light Accessory Gifts for Boy Room Decor (White),39.99
Simimi art,"Neon Gaming Decor for Boys Room Wooden, Neon Gaming Wooden Door Sign for Gamer Room Decor, Boys Decorations for Bedroom Nursery Playroom Wall Art (6""x12"")",9.99
Paladone,"Minecraft Logo Light - Minecraft Lamp, Gaming Room Decor, and Bedroom Night Light - Minecraft Desk Accessories and Gifts for Fans - 2 Light Modes",34.99
Paladone,"Minecraft Cute Fox Night Light, Soft Orange Glow, Officially Licensed Minecraft Decor and Desk Lamp for Gaming Room or Kids Bedroom",39.99
Minecraft,Minecraft Cup And Socks One Size Creeper Mug 11oz Game Merchandise,16.04
Poster Foundry,Mega Man Energy Tank MegaMan NES CAPCOM Mug Classic Retro Vintage 80s Video Game Collection Gaming Gamer Merchandise Collectibles Merch Accessories Ceramic Coffee Mug Tea Cup Fun Novelty Gift 12 oz,15.98
Poster Foundry,Mega Man 1up Icon MegaMan NES CAPCOM Mug Classic Retro Vintage 80s Video Game Collection Gaming Gamer Merchandise Collectibles Merch Accessories Ceramic Coffee Mug Tea Cup Fun Novelty Gift 12 oz,15.98
LitLife,"Medieval GOT Dragon D&D Game Mug of Thrones Merchandise Beer Steins Viking Tankard Mug Stainless Coffee Cup Gift Mug for Dragon Collector, Themed Party Decoration",20.88
GGK,Majora's Mask LED Sign LoZ Neon Sign for Room Wall Decor Gamer Gifts Zelda Mask Game Room Decor LED Neon Light for Zelda Fans (Majoras Mask),39.99
Lumoonosity,"Lumoonosity Alien Neon Sign, Pink and Blue Alien Decorations Neon Lights with On/Off Switch, Cool Alien Light Neon Signs for Bedroom, Gaming Room, Aesthetic Hanging Alien Led Signs for Wall Decor",9.99
Logitech G,"Logitech G PRO Mechanical Gaming Keyboard - Ultra-Portable Tenkeyless Design, Detachable USB Cable, LIGHTSYNC RGB Backlit Keys, Official League of Legends Edition",96.17
BigTees,Limited Edition Gaming Mug - Personalized Gifts for Gamer - Customized Name Gamer Coffee Mug - Gaming Ceramic Mug - Custom Game Lover Gifts - Gamer Tea Cup - White Tea Cup 11Oz Or 15Oz,9.99
SOLIDEE,Led Dimmable Neon Signs Wall Decorations For Living Room|Bedroom Gamepad Controller Shape Lights Game Room Decor Accessories Cool Teen Boys|Girls|Kids Gamer Gifts,26.99
Poster Foundry,Laminated Street Fighter 2 No Parking Bonus Level Ryu E Honda Funny Retro Vintage Art CAPCOM Video Game Merchandise Gamer Classic Fighting Poster Dry Erase Sign 24x36,18.98
Poster Foundry,Laminated Street Fighter 2 Group Art CAPCOM Video Game Merchandise Gamer Classic Fighting Poster Dry Erase Sign 16x24,18.98
Poster Foundry,Laminated Rainbow Six Siege Merchandise Smoke Character Video Game Video Gaming Gamer R6 Siege Tom Clancy Rainbow Six Seige Wall Art Poster Dry Erase Sign 12x18,14.98
Poster Foundry,Laminated Assassins Creed Valhalla Merchandise The Way of the Berserker Bear Video Game Video Gaming Gamer Collectibles Viking Eivor Varinsdottir Poster Dry Erase Sign 24x36,18.98
Outerprint,"Kirby Poster Wall Art,Watercolor Kirby Decor Wall Art,Super Smash Bros Kirbys Dreamland Poster,Kirby Merchandise For Walls Or Bedroom,Pink Kirbys Dream Land Gamer Poster For Game Room- 11x14 Unframed",14.99
Bestylez,"Keep Out Gamer at Work - Bestylez Funny Gamer Sign For Gaming Room Wall Door Decor - Gift For Teen Boy, Boyfriend 12"" * 8"" (159)",9.99
uSkins,Kappa Space - Decal Style Skin fits original PS4 Gaming Console,14.94
JUMANT,JUMANT Mario Movie Poster - 8x10 - Gamer Room Decor - Gaming Posters for Boys Room Decor - Gaming Room Decor for Boys - Mario Poster Set - Game Room Decor - Mario Room Decor,17.95
JENVIO,JENVIO Gamer Gifts for Men - Gamer Mode ON - Stainless Steel Tumbler for Coffee/Cold Drinks w Lid and 2 Straws | Gift Idea Gamer Cup For Valentine's Day - Video Gamer Mug Boys (30 Ounce Black),24.8
HAUS AND HUES,"HAUS AND HUES Retro Video Game Posters for Walls Gaming Room Decor, Video Game Room Decor for Boys, Gaming Posters for Gamer Room Decor, Video Game Controller Poster, UNFRAMED (Controller, 12x16)",13.99
Hasbro Gaming,"Hasbro Gaming Monopoly: The Lord of The Rings Edition Board Game Inspired by The Movie Trilogy, Play as a Member of The Fellowship, for Kids Ages 8 and Up (Amazon Exclusive)",44.99
Hasbro Gaming,"Hasbro Gaming Monopoly: Disney Star Wars Dark Side Edition Board Game for Families and Kids Ages 8+, Gift, Family Game Night",21.04
Ukonic,Halo Light-Up Energy Sword Collectible LED Desktop Lamp | 14 Inches Tall,49.99
Gaming Merchandise & Video Game Lover Gifts,"Gaming Merchandise & Video Game Lover Gifts Funny Gamer Not Swearing Just Words Video Game Throw Pillow, 18x18, Multicolor",21.99
Grupo Erik,Gaming Controller Holder One More Life | Controller Holder Figure | Headphone Stand & Controller | Gaming Accessories For Desk | Gamer Gifts,39.9
Seimip,"Gaming Blanket Game Flannel Throw Blanket 60""x50"" for Adult and Kids Decorative Blankets Funny Super Soft Cozy Blanket",19.99
OHOIT,Gaming Blanket for Kids and Teens - Soft Fleece Video Game Travel Blanket Gift for Gamers,24.99
YOPIGOT,"Gamer Tumbler Gifts,Gamer Gifts For Men Teen Boys,Gaming Gifts,Gamer Gift Ideas,Video Game Gifts,Gifts For Game Lovers Stainless Steel Tumbler 17oz",23.99
Ethereal Lomoer,"Gamer Neon Sign, Gamepad Shaped LED Neon Sign for Gamer Room Decor, Gaming Neon Sign for Boys Room Decor, Neon Gaming Sign for Gaming Wall Decor, USB Powered Gamer Gifts for Teens, Boys, Kids",32.99
Vutieso,"Gamer Gifts, Gifts For Gamers, Gifts For Gamers Men Teen Boys Boyfiend, Gamer Tumbler 20oz, Cool Gamer Gifts, Gaming Gifts, Video Game Gifts, Gaming Gifts For Men, Christmas Gamers Gift Ideas",21.99
Fusui,"Gamer Gifts, Gifts for Gamers, Cool Gamer Gifts for Men Teen Boys Boyfriend, Gaming Gifts, Gamer Gift Ideas, Video Game Gifts, Gamer Girl Gifts, Gifts for Game Lovers Stainless Steel Tumbler 20oz 1Pc",21.99
OCCdesign,"Gamer Gifts for Teenage Boys, Gaming Room Decoration, Gamer Pillow Cover and Game Socks Gifts Set, 18"" x 18""",12.99
CryCarrot,"Gamer Gifts for Teenage Boys, Gaming Headphone Stand for Men, Gaming Room Desk Decor Wooden Headset Holder, Son Boyfriend Husband Game Lover Gifts -Choose Your Weapon",21.99
Slothoem,"Gamer Gifts for Teenage Boy, Gamer Room Decor for Man, Best Gifts for Son, Boyfriend, Husband, Gaming Accessories, Wooden Gaming Headset Stand for Gaming Desktop- Can't Hear You I'm Gaming",19.75
AOROTOE,Gamer Gifts for Men Gamer Room Game Cave Wall Decor Cool Stuff for Boys Gamers Gift for Kids Ideas Video Game Decor Metal Controller Gamepad Desk Clock Wall Clock,23.99
Punofell,"Gamer Gifts - Best Gaming Gifts for Men - Game Room Decor Gift for Boys/Men - Gifts for Gamers - Video Game Lover Gifts - Gifts for Gaming Blanket 50"" x 60""",24.99
HOYOBEST,"Game Neon Sign Gamepad Shape LED Neon Signs for Gamer Room Wall Bedroom Decor, Gamer Gifts Neon Lights for Boys Teen Gaming Zone Party Decoration",15.98
NAKIMO,"Friends Merchandise Mouse Pad for Desk, Computer or Gaming Mousepad, Friends Merch Mouse Mat, Funny Friends Gifts for Coworkers, Friends, Families or Friends TV Show Fans",8.95
Poster Foundry,Far Cry 6 Fangs for Hire Chorizo Guapo Chicharron Video Game Gaming Gamer Far Cry Merchandise Collectibles Collectors Edition Far Cry Merch Far Cry 6 Poster Stand or Hang Wood Frame Display 9x13,29.98
Poster Foundry,Far Cry 6 Fangs For Hire Chorizo Guapo Chicharron Video Game Gaming Gamer Far Cry Merchandise Collectibles Collectors Edition Far Cry Merch Far Cry 6 Poster Cool Wall Decor Art Print Poster 24x36,14.98
Poster Foundry,Far Cry 6 Dani Male Character Video Game Gaming Gamer Far Cry Merchandise Collectibles Collectors Edition Far Cry Merch Far Cry 6 Poster Far Cry Game Cool Wall Decor Art Print Poster 24x36,14.98
Poster Foundry,Far Cry 6 Chicharron Rooster Amigo Video Game Gaming Gamer Far Cry Merchandise Collectibles Collectors Edition Far Cry Merch Far Cry 6 Poster Far Cry Game Thick Paper Sign Print Picture 8x12,10.48
TOPYUN,"Fallout Shelter Vintage Look Reproduction Metal Tin Sign, Garage Decor Man Cave Sign 8x12 Inches",11.99
Abooly,"Fallout Neon Signs for Wall Decor, Fallout Merchandise, LED Sign Gaming Neon Sign Fallout Decor, Fallout Merch Neon Light for Man Cave Bedroom Living Room Game Room, Gift for Boys Girls Christmas",35.99
,Fallout Hardcover Ruled Journal (With Pen) (Gaming),21.11
Exquisite Gaming,"Exquisite Gaming: The Mandalorian: Boba Fett - Original Mobile Phone & Gaming Controller Holder, Device Stand, Cable Guys, Licensed Figure",24.99
Exquisite Gaming,"Exquisite Gaming: Star Wars: Darth Vader - Original Mobile Phone & Gaming Controller Holder, Device Stand, Cable Guys, Licensed Figure (Multi-colored)",22.99
Exquisite Gaming,"Exquisite Gaming: Spyro The Dragon - Original Mobile Phone & Gaming Controller Holder, Device Stand, Cable Guys, Licensed Figure",19.99
Exquisite Gaming,"Exquisite Gaming: Sonic - Mobile Phone & Gaming Controller Holder, Sonic The Hedgehog Device Stand, Cable Guys, Sony Licensed Figure",22.99
Exquisite Gaming,"Exquisite Gaming: Halo: Master Chief - Mobile Phone & Gaming Controller Holder, Device Stand, Cable Guys, Xbox Licensed Figure, Green",24.99
Exquisite Gaming,"Exquisite Gaming: Guardians of The Galaxy: Toddler Groot - Original Mobile Phone & Gaming Controller Holder, Device Stand, Cable Guys, Marvel Licensed Figure",24.99
Exquisite Gaming,"Exquisite Gaming: Fallout 76: Variant Vault Boy - Original Mobile Phone & Gaming Controller Holder, Device Stand, Cable Guys, Licensed Figure",24.99
Exquisite Gaming,"Exquisite Gaming: Call of Duty: Monkeybomb - Original Mobile Phone & Gaming Controller Holder, Device Stand, Cable Guys, Licensed Figure",24.99
Power Up Factory,"Exquisite Gaming: Call of Duty: Lt. Simon ""Ghost"" Riley - Original Mobile Phone & Gaming Controller Holder, Device Stand, Cable Guys, Licensed Figure",22.99
Exquisite Gaming,"Exquisite Gaming: Borderlands 3: Psycho - Original Mobile Phone & Gaming Controller Holder, Device Stand, Cable Guys, Licensed Figure",19.99
Exquisite Gaming,"Exquisite Gaming: Borderlands 3: Claptrap - Original Mobile Phone & Gaming Controller Holder, Device Stand, Cable Guys, Gearbox Licensed Figure",24.99
Exquisite Gaming,Exquisite Gaming Call of Duty Ghost Cable Guy Ikons Light Up Gaming Controller and Mobile Phone Charger from,33.99
Loot Crate,Dota 2 Gaming Mat Loot Crate Gaming June 2016 Exclusive,15.75
Divoom,"Divoom Pixoo-64 - WiFi Pixel Cloud Digital Frame with APP Control,64 X 64 LED Panel Display Frame for Gaming Room Decoration/Social Media Fans Counter",154.99
Poster Foundry,Danganronpa Mai Monokuma Video Game Poster Gamer Gaming Danganronpa Manga Anime Posters Danganronpa Merch Dangan Ronpa Anime Room Merchandise School Trilogy Cool Wall Decor Art Print Poster 12x18,11.99
Poster Foundry,Danganronpa 3 Pink and Black High School Logo Video Game Gamer Gaming Danganronpa Manga Anime Danganronpa Merch Dangan Ronpa Merchandise Trilogy Ceramic Coffee Mug Tea Cup Fun Novelty Gift 12 oz,15.98
Poster Foundry,Danganronpa 3 Despair Video Game Gamer Gaming Danganronpa Manga Anime Posters Danganronpa Merch Dangan Ronpa Anime Room Decor Merchandise School Trilogy Black Wood Framed Art Poster 14x20,39.98
Dovipta,"Cute Kirby Stickers, Kawaii Cartoon Gaming Stickers Gift for Kids Teens Adults, 50Pcs Dovipta Vinyl Waterproof Stickers for Laptop Water Bottles Skateboard Guitar Phone Skateboard Scrapbook Snowboard",4.99
PLOMCAC,"Custom Game Blanket for Boys and Girls, Miner Style Cartoon Blanket, Personalized Pixelated Themed Game Soft Flannel Blanket, Game Birthday Party Decorations",12.99
Toynk,Car Window Sign | Gamer On Board Car Wind Sign | Xbox Gamers,6.99
Cableguys,"Cable Guys - Halo Figures Master Chief Infinite Gaming Accessories Holder & Phone Holder for Most Controller (Xbox, Play Station, Nintendo Switch)",27.9
Exquisite Gaming,"Cable Guys - Call of Duty Monkey Bomb Gaming Accessories & Phone Holder for Most Controller (Xbox, Play Station, Nintendo Switch)",55.9
Cableguys,Cable Guy Crash Bandicoot Controller Holder - 8 inch version,34.99
Cableguys,"Cable Guy - Borderlands 3 ""Claptrap""",29.75
,BioShock Infinite Hardcover Ruled Journal (Gaming),20.06
,BioShock Hardcover Ruled Journal (Gaming),22.54
Crash Bandicoot,Bandai Deluxe Edition Action Figure | 16.5cm Toy with 16 Points of Articulation and Accessories | Collectable Figures for A Merchandise Collection,34.85
ASUS,"ASUS WiFi 6 Router (RT-AX57) - Dual Band AX3000 WiFi Router, Gaming & Streaming, AiMesh Compatible, Included Lifetime Internet Security, Parental Control, MU-MIMO, OFDMA",95.7
Poster Foundry,Assassins Creed Wall Art Posters Video Games Decor Series All Assassins Character Valhalla Gaming Room Decor Movie Poster Gamer Viking Assassin's Merchandise Cool Wall Decor Art Print Poster 18x12,11.99
Poster Foundry,Assassins Creed Valhalla Wall Decor Hidden Blade Graffiti Jump Bedroom Poster Gaming Viking Decor Video Game Merchandise Collectors Assassin's Creed Gamer Art Cool Wall Decor Art Print Poster 12x18,11.99
Poster Foundry,Assassins Creed Valhalla Wall Decor Cool Wall Art Bedroom Poster Hidden Blade Gaming Inkblot Print Video Game Merchandise Collectors Assassins Creed Gamer Gift Cool Wall Decor Art Print Poster 12x18,11.99
Poster Foundry,Assassins Creed Valhalla Wall Decor Bedroom Poster Gaming Eivor Varinsdottir Viking Wolf Modern Green Video Game Merchandise Assassin's Creed Collectors Gamer Cool Wall Decor Art Print Poster 12x18,11.99
Poster Foundry,Assassins Creed Valhalla Wall Decor Art Work In The Dark Bedroom Poster Gaming Viking Decor Video Game Merchandise Collectors Gamer Art Assassins Creed Gift Cool Wall Decor Art Print Poster 18x12,11.99
Poster Foundry,Assassins Creed Valhalla Sunset Wall Decor Cool Wall Art Bedroom Poster Gaming Viking Decor Modern Video Game Merchandise Collectors Gamer Art Assassin's Creed Cool Wall Decor Art Print Poster 12x18,11.99
Poster Foundry,Assassins Creed Valhalla Merchandise Wolf Companion Female Video Game Cover Video Gaming Gamer Collectibles Viking Eivor Varinsdottir Cool Wall Decor Art Print Poster 24x36,14.98
Poster Foundry,Assassins Creed Valhalla Merchandise Viking Ship Green Background Video Game Video Gaming Gamer Collectibles Eivor Varinsdottir Cool Wall Decor Art Print Poster 24x36,14.98
Poster Foundry,Assassins Creed Valhalla Merchandise Male Ultimate Edition Key Art Video Game Cover Video Gaming Gamer Collectibles Viking Eivor Varinsdottir Black Wood Framed Art Poster 14x20,39.98
Poster Foundry,Assassins Creed Valhalla Merchandise Male Standard Edition Key Art Video Game Cover Video Gaming Gamer Collectibles Viking Eivor Varinsdottir Cool Wall Decor Art Print Poster 16x24,12.98
Poster Foundry,Assassins Creed Valhalla Merchandise Illustrated Art Video Game Video Gaming Gamer Collectibles Viking Eivor Varinsdottir Cool Wall Decor Art Print Poster 24x36,14.98
Poster Foundry,Assassins Creed Valhalla Merchandise Female Ultimate Edition Key Art Video Game Cover Video Gaming Gamer Collectibles Viking Eivor Varinsdottir Cool Wall Decor Art Print Poster 24x36,14.98
Poster Foundry,Assassins Creed Valhalla Merchandise Female Gold Edition Key Art Video Game Cover Video Gaming Gamer Collectibles Viking Eivor Varinsdottir Cool Wall Decor Art Print Poster 24x36,14.98
Poster Foundry,Assassins Creed Valhalla Merchandise Eivor Varinsdottir Runes Male Video Game Video Gaming Gamer Collectibles Viking White Wood Framed Poster 14x20,39.98
Poster Foundry,Assassins Creed Valhalla Merchandise Eivor Varinsdottir Runes Female Video Game Video Gaming Gamer Collectibles Viking Cool Wall Decor Art Print Poster 24x36,14.98
Poster Foundry,Assassins Creed Tower Altair Valhalla Origins Syndicate Odyssey Black Flag Bloodlines Assassins Creed Merchandise Gamer Collectibles Merchandise Black Wood Framed Art Poster 14x20,39.98
Poster Foundry,Assassins Creed Collection Work In The Dark To Serve The Light Lineup Video Game Gaming Gamer Merchandise Cosplay Collectibles Merch Accessories Ceramic Coffee Mug Tea Cup Fun Novelty Gift 12 oz,15.98
ASOHEK,ABXY Silicone Gaming Coasters - Set of Four - Game Room Décor,7.99
Generic,"3D Printed Deep Rock Galactic Beer Mug Holder Stand, Gaming Accessories, Board Game, Gamer Merchandise, Gaming Decor, White",45.99
